method,output,content,style,content_raw,content_norm,content_log,style_raw,style_norm,style_log
adain_alpha_0.8,temp.jpg,img_0.jpg,style_0.png,7.807860,0.00047,33.3,8543182438.075217,0.00243,26.1
adain_alpha_0.8,temp.jpg,img_0.jpg,style_1.png,6.243279,0.00053,32.8,11900662698.611685,0.00210,26.8
adain_alpha_0.8,temp.jpg,img_0.jpg,style_2.png,9.458964,0.00035,34.5,18013022397.088055,0.00647,21.9
adain_alpha_0.8,temp.jpg,img_0.jpg,style_3.png,7.578175,0.00062,32.1,8015367229.213723,0.00070,31.5
adain_alpha_0.8,temp.jpg,img_0.jpg,style_4.png,6.233447,0.00106,29.7,5069439682.458952,0.00069,31.6
adain_alpha_0.8,temp.jpg,img_0.jpg,style_5.png,8.609097,0.00135,28.7,15591040104.590914,0.00312,25.1
adain_alpha_0.8,temp.jpg,img_0.jpg,style_6.png,8.332903,0.00059,32.3,16797274352.128498,0.00338,24.7
adain_alpha_0.8,temp.jpg,img_0.jpg,style_7.png,9.224178,0.00089,30.5,9746679573.792114,0.00135,28.7
adain_alpha_0.8,temp.jpg,img_0.jpg,style_8.png,4.773779,0.00068,31.7,12675733821.840359,0.00563,22.5
adain_alpha_0.8,temp.jpg,img_0.jpg,style_9.png,6.722253,0.00117,29.3,29732337436.248280,0.00302,25.2
adain_alpha_0.8,temp.jpg,img_1.jpg,style_0.png,4.525801,0.00046,33.3,12505335876.739315,0.00181,27.4
adain_alpha_0.8,temp.jpg,img_1.jpg,style_1.png,8.739986,0.00117,29.3,25016231490.589363,0.00946,20.2
adain_alpha_0.8,temp.jpg,img_1.jpg,style_2.png,10.434470,0.00225,26.5,10889788522.619801,0.00762,21.2
adain_alpha_0.8,temp.jpg,img_1.jpg,style_3.png,6.685999,0.00069,31.6,23025342387.678875,0.00302,25.2
adain_alpha_0.8,temp.jpg,img_1.jpg,style_4.png,5.547011,0.00045,33.5,16504348462.997068,0.00542,22.7
adain_alpha_0.8,temp.jpg,img_1.jpg,style_5.png,7.981436,0.00107,29.7,1793067599.646475,0.00063,32.0
adain_alpha_0.8,temp.jpg,img_1.jpg,style_6.png,5.457225,0.00078,31.1,19869081213.567047,0.00486,23.1
adain_alpha_0.8,temp.jpg,img_1.jpg,style_7.png,8.790004,0.00070,31.6,14085619592.954607,0.00381,24.2
adain_alpha_0.8,temp.jpg,img_1.jpg,style_8.png,7.038909,0.00187,27.3,15423156728.582920,0.01440,18.4
adain_alpha_0.8,temp.jpg,img_1.jpg,style_9.png,4.427107,0.00040,34.0,1197188365.357342,0.00068,31.7
adain_alpha_0.8,temp.jpg,img_2.jpg,style_0.png,7.384349,0.00099,30.0,31215667845.689396,0.00392,24.1
adain_alpha_0.8,temp.jpg,img_2.jpg,style_1.png,5.136215,0.00093,30.3,13580307967.883545,0.00458,23.4
adain_alpha_0.8,temp.jpg,img_2.jpg,style_2.png,10.395761,0.00093,30.3,0.000000,0.00000,100.0
adain_alpha_0.8,temp.jpg,img_2.jpg,style_3.png,7.398720,0.00080,31.0,775805316.301251,0.00031,35.1
adain_alpha_0.8,temp.jpg,img_2.jpg,style_4.png,6.992882,0.00034,34.7,14939298285.718435,0.00460,23.4
adain_alpha_0.8,temp.jpg,img_2.jpg,style_5.png,4.738233,0.00047,33.3,11424688903.203499,0.00081,30.9
adain_alpha_0.8,temp.jpg,img_2.jpg,style_6.png,9.906937,0.00052,32.8,18379441084.529964,0.01353,18.7
adain_alpha_0.8,temp.jpg,img_2.jpg,style_7.png,6.335049,0.00086,30.6,0.000000,0.00000,100.0
adain_alpha_0.8,temp.jpg,img_2.jpg,style_8.png,9.357918,0.00223,26.5,13791503526.561998,0.00866,20.6
adain_alpha_0.8,temp.jpg,img_2.jpg,style_9.png,8.011969,0.00032,34.9,22211915393.825356,0.00038,34.2
adain_alpha_0.8,temp.jpg,img_3.jpg,style_0.png,9.120835,0.00305,25.2,5009664413.143303,0.00097,30.1
adain_alpha_0.8,temp.jpg,img_3.jpg,style_1.png,5.400611,0.00083,30.8,11176761500.003489,0.00315,25.0
adain_alpha_0.8,temp.jpg,img_3.jpg,style_2.png,10.890197,0.00132,28.8,14878372513.100155,0.00952,20.2
adain_alpha_0.8,temp.jpg,img_3.jpg,style_3.png,5.031327,0.00058,32.4,11764786177.569212,0.00057,32.4
adain_alpha_0.8,temp.jpg,img_3.jpg,style_4.png,6.768526,0.00098,30.1,25941302423.204960,0.01903,17.2
adain_alpha_0.8,temp.jpg,img_3.jpg,style_5.png,4.866142,0.00018,37.4,1068291475.705706,0.00056,32.5
adain_alpha_0.8,temp.jpg,img_3.jpg,style_6.png,9.914338,0.00069,31.6,3954956055.248813,0.00069,31.6
adain_alpha_0.8,temp.jpg,img_3.jpg,style_7.png,7.393527,0.00116,29.4,8506185915.411091,0.00140,28.5
adain_alpha_0.8,temp.jpg,img_3.jpg,style_8.png,6.969488,0.00150,28.2,2302930518.600115,0.00049,33.1
adain_alpha_0.8,temp.jpg,img_3.jpg,style_9.png,10.784786,0.00128,28.9,14447380401.387430,0.00275,25.6
adain_alpha_0.8,temp.jpg,img_4.jpg,style_0.png,11.074269,0.00153,28.2,18851609011.481174,0.00169,27.7
adain_alpha_0.8,temp.jpg,img_4.jpg,style_1.png,8.121108,0.00083,30.8,33516691073.310173,0.02550,15.9
adain_alpha_0.8,temp.jpg,img_4.jpg,style_2.png,5.557120,0.00026,35.9,31983048401.657104,0.00933,20.3
adain_alpha_0.8,temp.jpg,img_4.jpg,style_3.png,7.860929,0.00155,28.1,34066232264.884403,0.01915,17.2
adain_alpha_0.8,temp.jpg,img_4.jpg,style_4.png,7.892597,0.00088,30.5,10170930260.133966,0.00292,25.3
adain_alpha_0.8,temp.jpg,img_4.jpg,style_5.png,7.720273,0.00082,30.8,25487450543.372295,0.00349,24.6
adain_alpha_0.8,temp.jpg,img_4.jpg,style_6.png,3.585426,0.00062,32.1,13735507685.948111,0.01040,19.8
adain_alpha_0.8,temp.jpg,img_4.jpg,style_7.png,5.812725,0.00041,33.9,5147251131.054812,0.00430,23.7
adain_alpha_0.8,temp.jpg,img_4.jpg,style_8.png,8.033446,0.00106,29.7,10792255977.544691,0.00106,29.7
adain_alpha_0.8,temp.jpg,img_4.jpg,style_9.png,8.504060,0.00103,29.9,27928493362.341225,0.01308,18.8
adain_alpha_0.8,temp.jpg,img_5.jpg,style_0.png,7.722421,0.00079,31.0,19116263873.566563,0.01279,18.9
adain_alpha_0.8,temp.jpg,img_5.jpg,style_1.png,7.379983,0.00023,36.5,18545711890.802105,0.00082,30.9
adain_alpha_0.8,temp.jpg,img_5.jpg,style_2.png,6.685275,0.00158,28.0,9789699170.947863,0.00416,23.8
adain_alpha_0.8,temp.jpg,img_5.jpg,style_3.png,9.391948,0.00153,28.2,31139760625.539646,0.01404,18.5
adain_alpha_0.8,temp.jpg,img_5.jpg,style_4.png,1.778498,0.00034,34.6,12826596423.654230,0.00516,22.9
adain_alpha_0.8,temp.jpg,img_5.jpg,style_5.png,5.059506,0.00139,28.6,8292721101.887038,0.00788,21.0
adain_alpha_0.8,temp.jpg,img_5.jpg,style_6.png,12.742323,0.00250,26.0,0.000000,0.00000,100.0
adain_alpha_0.8,temp.jpg,img_5.jpg,style_7.png,14.101569,0.00190,27.2,0.000000,0.00000,100.0
adain_alpha_0.8,temp.jpg,img_5.jpg,style_8.png,11.753824,0.00149,28.3,5036564155.830323,0.00061,32.1
adain_alpha_0.8,temp.jpg,img_5.jpg,style_9.png,8.277627,0.00099,30.0,8308576564.118424,0.00726,21.4
adain_alpha_0.8,temp.jpg,img_6.jpg,style_0.png,7.691058,0.00076,31.2,13289621574.825041,0.00547,22.6
adain_alpha_0.8,temp.jpg,img_6.jpg,style_1.png,8.214841,0.00085,30.7,27527966102.027229,0.00493,23.1
adain_alpha_0.8,temp.jpg,img_6.jpg,style_2.png,8.671149,0.00140,28.5,13081158232.130621,0.00242,26.2
adain_alpha_0.8,temp.jpg,img_6.jpg,style_3.png,8.487323,0.00042,33.7,41299369565.780769,0.00717,21.4
adain_alpha_0.8,temp.jpg,img_6.jpg,style_4.png,4.811281,0.00029,35.4,1952164246.004683,0.00038,34.2
adain_alpha_0.8,temp.jpg,img_6.jpg,style_5.png,8.032634,0.00056,32.5,0.000000,0.00000,100.0
adain_alpha_0.8,temp.jpg,img_6.jpg,style_6.png,5.644352,0.00055,32.6,8894443072.234182,0.00210,26.8
adain_alpha_0.8,temp.jpg,img_6.jpg,style_7.png,7.096580,0.00090,30.4,7787986366.718154,0.00167,27.8
adain_alpha_0.8,temp.jpg,img_6.jpg,style_8.png,11.190299,0.00141,28.5,0.000000,0.00000,100.0
adain_alpha_0.8,temp.jpg,img_6.jpg,style_9.png,7.973584,0.00220,26.6,8357140934.096965,0.00153,28.2
adain_alpha_0.8,temp.jpg,img_7.jpg,style_0.png,11.997422,0.00086,30.7,0.000000,0.00000,100.0
adain_alpha_0.8,temp.jpg,img_7.jpg,style_1.png,7.047366,0.00093,30.3,3877017817.309499,0.00029,35.4
adain_alpha_0.8,temp.jpg,img_7.jpg,style_2.png,9.831256,0.00060,32.2,32914878230.193035,0.00544,22.6
adain_alpha_0.8,temp.jpg,img_7.jpg,style_3.png,12.521346,0.00091,30.4,22359332991.275166,0.00726,21.4
adain_alpha_0.8,temp.jpg,img_7.jpg,style_4.png,6.628899,0.00045,33.5,6703705364.920096,0.00489,23.1
adain_alpha_0.8,temp.jpg,img_7.jpg,style_5.png,8.694755,0.00053,32.7,7189088408.121860,0.00089,30.5
adain_alpha_0.8,temp.jpg,img_7.jpg,style_6.png,12.066194,0.00302,25.2,22660576890.730091,0.00596,22.2
adain_alpha_0.8,temp.jpg,img_7.jpg,style_7.png,5.168904,0.00027,35.8,3038690267.613152,0.00042,33.8
adain_alpha_0.8,temp.jpg,img_7.jpg,style_8.png,6.435012,0.00071,31.5,4729018224.377447,0.00357,24.5
adain_alpha_0.8,temp.jpg,img_7.jpg,style_9.png,5.854641,0.00036,34.4,16187960163.901051,0.00229,26.4
adain_alpha_0.8,temp.jpg,img_8.jpg,style_0.png,3.192784,0.00034,34.6,19824664603.611595,0.00335,24.7
adain_alpha_0.8,temp.jpg,img_8.jpg,style_1.png,10.722758,0.00162,27.9,0.000000,0.00000,100.0
adain_alpha_0.8,temp.jpg,img_8.jpg,style_2.png,5.089494,0.00047,33.3,29979568621.594318,0.00341,24.7
adain_alpha_0.8,temp.jpg,img_8.jpg,style_3.png,7.449564,0.00048,33.2,26650394652.840076,0.00532,22.7
adain_alpha_0.8,temp.jpg,img_8.jpg,style_4.png,6.996661,0.00122,29.1,17784480915.667667,0.00504,23.0
adain_alpha_0.8,temp.jpg,img_8.jpg,style_5.png,6.646495,0.00044,33.5,13761809449.269299,0.00899,20.5
adain_alpha_0.8,temp.jpg,img_8.jpg,style_6.png,7.803361,0.00128,28.9,31255750670.618752,0.01644,17.8
adain_alpha_0.8,temp.jpg,img_8.jpg,style_7.png,8.179955,0.00091,30.4,18640983385.127838,0.00136,28.7
adain_alpha_0.8,temp.jpg,img_8.jpg,style_8.png,9.843527,0.00083,30.8,25974620208.277237,0.00076,31.2
adain_alpha_0.8,temp.jpg,img_8.jpg,style_9.png,6.875577,0.00034,34.7,0.000000,0.00000,100.0
adain_alpha_0.8,temp.jpg,img_9.jpg,style_0.png,8.449245,0.00215,26.7,31333857499.731640,0.02444,16.1
adain_alpha_0.8,temp.jpg,img_9.jpg,style_1.png,3.673404,0.00033,34.9,6839803180.867781,0.00105,29.8
adain_alpha_0.8,temp.jpg,img_9.jpg,style_2.png,9.159991,0.00335,24.7,0.000000,0.00000,100.0
adain_alpha_0.8,temp.jpg,img_9.jpg,style_3.png,7.666836,0.00060,32.2,22592825094.946342,0.00492,23.1
adain_alpha_0.8,temp.jpg,img_9.jpg,style_4.png,8.148514,0.00069,31.6,17313527745.718544,0.00818,20.9
adain_alpha_0.8,temp.jpg,img_9.jpg,style_5.png,6.587145,0.00048,33.2,11625066344.880304,0.00413,23.8
adain_alpha_0.8,temp.jpg,img_9.jpg,style_6.png,9.219101,0.00109,29.6,11249514514.720917,0.00130,28.9
adain_alpha_0.8,temp.jpg,img_9.jpg,style_7.png,3.370017,0.00081,30.9,0.000000,0.00000,100.0
adain_alpha_0.8,temp.jpg,img_9.jpg,style_8.png,6.480291,0.00084,30.8,24916813612.144207,0.00514,22.9
adain_alpha_0.8,temp.jpg,img_9.jpg,style_9.png,9.711497,0.00112,29.5,27817292825.321434,0.00199,27.0
adain_alpha_0.8,temp.jpg,img_10.jpg,style_0.png,8.414729,0.00128,28.9,6751641493.513471,0.00650,21.9
adain_alpha_0.8,temp.jpg,img_10.jpg,style_1.png,5.235867,0.00039,34.1,11833301729.585814,0.00060,32.2
adain_alpha_0.8,temp.jpg,img_10.jpg,style_2.png,5.526398,0.00105,29.8,17578002600.280243,0.00281,25.5
adain_alpha_0.8,temp.jpg,img_10.jpg,style_3.png,8.413269,0.00058,32.3,0.000000,0.00000,100.0
adain_alpha_0.8,temp.jpg,img_10.jpg,style_4.png,5.313352,0.00083,30.8,2440603556.484796,0.00041,33.9
adain_alpha_0.8,temp.jpg,img_10.jpg,style_5.png,6.566039,0.00061,32.2,13135138525.518995,0.00097,30.1
adain_alpha_0.8,temp.jpg,img_10.jpg,style_6.png,7.326223,0.00047,33.3,0.000000,0.00000,100.0
adain_alpha_0.8,temp.jpg,img_10.jpg,style_7.png,10.178729,0.00122,29.2,13362515839.388531,0.00240,26.2
adain_alpha_0.8,temp.jpg,img_10.jpg,style_8.png,12.240905,0.00132,28.8,40117006717.979088,0.00857,20.7
adain_alpha_0.8,temp.jpg,img_10.jpg,style_9.png,9.683064,0.00091,30.4,2932821075.110150,0.00074,31.3
adain_alpha_0.8,temp.jpg,img_11.jpg,style_0.png,8.900642,0.00225,26.5,6797777673.213355,0.01127,19.5
adain_alpha_0.8,temp.jpg,img_11.jpg,style_1.png,4.733592,0.00061,32.1,10680777158.086800,0.00045,33.5
adain_alpha_0.8,temp.jpg,img_11.jpg,style_2.png,10.977864,0.00103,29.9,2064405056.001184,0.00074,31.3
adain_alpha_0.8,temp.jpg,img_11.jpg,style_3.png,8.077446,0.00066,31.8,19454881244.565472,0.00657,21.8
adain_alpha_0.8,temp.jpg,img_11.jpg,style_4.png,8.813946,0.00098,30.1,1614087710.619284,0.00004,44.3
adain_alpha_0.8,temp.jpg,img_11.jpg,style_5.png,7.469421,0.00080,31.0,25782085148.989021,0.00374,24.3
adain_alpha_0.8,temp.jpg,img_11.jpg,style_6.png,7.952841,0.00133,28.8,12342186364.957867,0.00206,26.9
adain_alpha_0.8,temp.jpg,img_11.jpg,style_7.png,5.871037,0.00038,34.3,16593752974.767807,0.00293,25.3
adain_alpha_0.8,temp.jpg,img_11.jpg,style_8.png,7.339177,0.00096,30.2,21533749373.333771,0.00226,26.5
adain_alpha_0.8,temp.jpg,img_11.jpg,style_9.png,3.312557,0.00103,29.9,8772852623.331629,0.00856,20.7
adain_alpha_0.8,temp.jpg,img_12.jpg,style_0.png,11.201038,0.00181,27.4,26589437559.060280,0.02611,15.8
adain_alpha_0.8,temp.jpg,img_12.jpg,style_1.png,0.686590,0.00002,46.6,9709599392.803541,0.00161,27.9
adain_alpha_0.8,temp.jpg,img_12.jpg,style_2.png,7.328693,0.00183,27.4,18405284742.405365,0.00598,22.2
adain_alpha_0.8,temp.jpg,img_12.jpg,style_3.png,8.918423,0.00066,31.8,16347094217.234566,0.00295,25.3
adain_alpha_0.8,temp.jpg,img_12.jpg,style_4.png,7.947369,0.00056,32.5,6807344038.788683,0.00038,34.2
adain_alpha_0.8,temp.jpg,img_12.jpg,style_5.png,4.855115,0.00027,35.6,0.000000,0.00000,100.0
adain_alpha_0.8,temp.jpg,img_12.jpg,style_6.png,11.152952,0.00059,32.3,9226363504.034939,0.00202,26.9
adain_alpha_0.8,temp.jpg,img_12.jpg,style_7.png,8.302479,0.00112,29.5,26888677208.159336,0.01577,18.0
adain_alpha_0.8,temp.jpg,img_12.jpg,style_8.png,6.983552,0.00174,27.6,21515067490.343281,0.00296,25.3
adain_alpha_0.8,temp.jpg,img_12.jpg,style_9.png,6.144655,0.00235,26.3,25757770815.669891,0.01311,18.8
adain_alpha_0.8,temp.jpg,img_13.jpg,style_0.png,4.517917,0.00044,33.5,6879521950.928190,0.00201,27.0
adain_alpha_0.8,temp.jpg,img_13.jpg,style_1.png,6.626587,0.00067,31.8,14109893709.539660,0.00881,20.6
adain_alpha_0.8,temp.jpg,img_13.jpg,style_2.png,10.103360,0.00093,30.3,20667609585.897148,0.00307,25.1
adain_alpha_0.8,temp.jpg,img_13.jpg,style_3.png,9.349910,0.00109,29.6,40634191188.456413,0.01332,18.8
adain_alpha_0.8,temp.jpg,img_13.jpg,style_4.png,4.832159,0.00102,29.9,2869854993.473609,0.00160,27.9
adain_alpha_0.8,temp.jpg,img_13.jpg,style_5.png,6.825807,0.00074,31.3,13199636904.988016,0.00659,21.8
adain_alpha_0.8,temp.jpg,img_13.jpg,style_6.png,10.049509,0.00122,29.1,22759480370.887486,0.01025,19.9
adain_alpha_0.8,temp.jpg,img_13.jpg,style_7.png,8.938291,0.00210,26.8,11125177234.074406,0.00293,25.3
adain_alpha_0.8,temp.jpg,img_13.jpg,style_8.png,8.540441,0.00087,30.6,6034558229.842731,0.00567,22.5
adain_alpha_0.8,temp.jpg,img_13.jpg,style_9.png,10.252593,0.00130,28.8,26904326901.332645,0.00477,23.2
adain_alpha_0.8,temp.jpg,img_14.jpg,style_0.png,2.932866,0.00038,34.2,3099722293.270998,0.00205,26.9
adain_alpha_0.8,temp.jpg,img_14.jpg,style_1.png,8.746931,0.00179,27.5,38801255216.087761,0.02070,16.8
adain_alpha_0.8,temp.jpg,img_14.jpg,style_2.png,9.070544,0.00190,27.2,31527209949.552624,0.00620,22.1
adain_alpha_0.8,temp.jpg,img_14.jpg,style_3.png,12.690848,0.00274,25.6,0.000000,0.00000,100.0
adain_alpha_0.8,temp.jpg,img_14.jpg,style_4.png,5.342517,0.00053,32.8,23993247423.666683,0.03026,15.2
adain_alpha_0.8,temp.jpg,img_14.jpg,style_5.png,8.109903,0.00047,33.3,2759285647.061419,0.00121,29.2
adain_alpha_0.8,temp.jpg,img_14.jpg,style_6.png,6.682458,0.00050,33.0,20489194448.421932,0.00336,24.7
adain_alpha_0.8,temp.jpg,img_14.jpg,style_7.png,4.043653,0.00077,31.1,15133317090.235415,0.00302,25.2
adain_alpha_0.8,temp.jpg,img_14.jpg,style_8.png,4.847003,0.00082,30.9,21446233322.098816,0.01721,17.6
adain_alpha_0.8,temp.jpg,img_14.jpg,style_9.png,8.889020,0.00136,28.7,15382292926.044638,0.00100,30.0
adain_alpha_0.8,temp.jpg,img_15.jpg,style_0.png,7.247437,0.00070,31.5,16707342680.377222,0.00730,21.4
adain_alpha_0.8,temp.jpg,img_15.jpg,style_1.png,8.213960,0.00113,29.5,9824591951.025532,0.00070,31.6
adain_alpha_0.8,temp.jpg,img_15.jpg,style_2.png,6.274816,0.00031,35.1,0.000000,0.00000,100.0
adain_alpha_0.8,temp.jpg,img_15.jpg,style_3.png,7.812549,0.00102,29.9,0.000000,0.00000,100.0
adain_alpha_0.8,temp.jpg,img_15.jpg,style_4.png,6.066987,0.00050,33.0,1940982678.956427,0.00030,35.3
adain_alpha_0.8,temp.jpg,img_15.jpg,style_5.png,3.706496,0.00014,38.4,17377700944.849072,0.00367,24.4
adain_alpha_0.8,temp.jpg,img_15.jpg,style_6.png,7.338187,0.00060,32.2,12667411747.037090,0.01534,18.1
adain_alpha_0.8,temp.jpg,img_15.jpg,style_7.png,8.096884,0.00035,34.6,4502161464.187039,0.00131,28.8
adain_alpha_0.8,temp.jpg,img_15.jpg,style_8.png,11.620592,0.00096,30.2,3698265714.299727,0.00068,31.7
adain_alpha_0.8,temp.jpg,img_15.jpg,style_9.png,5.421037,0.00032,34.9,14646659109.367920,0.00488,23.1
adain_alpha_0.8,temp.jpg,img_16.jpg,style_0.png,4.505879,0.00080,31.0,16138623524.454124,0.00546,22.6
adain_alpha_0.8,temp.jpg,img_16.jpg,style_1.png,7.002969,0.00179,27.5,0.000000,0.00000,100.0
adain_alpha_0.8,temp.jpg,img_16.jpg,style_2.png,7.409438,0.00055,32.6,0.000000,0.00000,100.0
adain_alpha_0.8,temp.jpg,img_16.jpg,style_3.png,7.136409,0.00052,32.9,2255440825.773675,0.00040,33.9
adain_alpha_0.8,temp.jpg,img_16.jpg,style_4.png,11.703263,0.00107,29.7,19500185923.111675,0.00562,22.5
adain_alpha_0.8,temp.jpg,img_16.jpg,style_5.png,8.770179,0.00051,32.9,16529135968.467609,0.00660,21.8
adain_alpha_0.8,temp.jpg,img_16.jpg,style_6.png,7.123294,0.00053,32.8,8807672042.498255,0.00055,32.6
adain_alpha_0.8,temp.jpg,img_16.jpg,style_7.png,6.731416,0.00064,31.9,4109320079.546989,0.00127,29.0
adain_alpha_0.8,temp.jpg,img_16.jpg,style_8.png,10.052236,0.00172,27.7,0.000000,0.00000,100.0
adain_alpha_0.8,temp.jpg,img_16.jpg,style_9.png,2.241292,0.00040,34.0,1581998890.145433,0.00047,33.3
adain_alpha_0.8,temp.jpg,img_17.jpg,style_0.png,10.651337,0.00202,26.9,13533810412.500021,0.00353,24.5
adain_alpha_0.8,temp.jpg,img_17.jpg,style_1.png,9.480411,0.00169,27.7,4757964813.386900,0.00070,31.5
adain_alpha_0.8,temp.jpg,img_17.jpg,style_2.png,8.069313,0.00091,30.4,20493786401.406681,0.00266,25.7
adain_alpha_0.8,temp.jpg,img_17.jpg,style_3.png,6.432669,0.00080,31.0,17194565397.355095,0.01298,18.9
adain_alpha_0.8,temp.jpg,img_17.jpg,style_4.png,3.057599,0.00041,33.9,22540809753.308105,0.01425,18.5
adain_alpha_0.8,temp.jpg,img_17.jpg,style_5.png,6.769941,0.00244,26.1,22287644576.215855,0.02177,16.6
adain_alpha_0.8,temp.jpg,img_17.jpg,style_6.png,6.055252,0.00058,32.3,31023585969.956394,0.00379,24.2
adain_alpha_0.8,temp.jpg,img_17.jpg,style_7.png,5.238677,0.00046,33.3,0.000000,0.00000,100.0
adain_alpha_0.8,temp.jpg,img_17.jpg,style_8.png,9.168593,0.00089,30.5,14187114945.643818,0.00303,25.2
adain_alpha_0.8,temp.jpg,img_17.jpg,style_9.png,9.029125,0.00232,26.3,21855616078.146049,0.04251,13.7
adain_alpha_0.8,temp.jpg,img_18.jpg,style_0.png,10.407659,0.00196,27.1,29938974279.342400,0.04081,13.9
adain_alpha_0.8,temp.jpg,img_18.jpg,style_1.png,7.398704,0.00033,34.8,26590480989.352989,0.00409,23.9
adain_alpha_0.8,temp.jpg,img_18.jpg,style_2.png,7.740275,0.00086,30.7,2853991511.061453,0.00093,30.3
adain_alpha_0.8,temp.jpg,img_18.jpg,style_3.png,6.476510,0.00029,35.4,40790851850.429985,0.00356,24.5
adain_alpha_0.8,temp.jpg,img_18.jpg,style_4.png,4.465564,0.00036,34.4,24478927046.808014,0.00403,23.9
adain_alpha_0.8,temp.jpg,img_18.jpg,style_5.png,9.718618,0.00074,31.3,16646908327.901943,0.00229,26.4
adain_alpha_0.8,temp.jpg,img_18.jpg,style_6.png,8.823907,0.00094,30.3,0.000000,0.00000,100.0
adain_alpha_0.8,temp.jpg,img_18.jpg,style_7.png,4.932645,0.00023,36.4,28229437116.017406,0.00201,27.0
adain_alpha_0.8,temp.jpg,img_18.jpg,style_8.png,8.525494,0.00095,30.2,31800355368.256264,0.00653,21.9
adain_alpha_0.8,temp.jpg,img_18.jpg,style_9.png,4.929335,0.00053,32.7,17160988336.890402,0.01403,18.5
adain_alpha_0.8,temp.jpg,img_19.jpg,style_0.png,8.100714,0.00036,34.4,15426824487.002779,0.00168,27.7
adain_alpha_0.8,temp.jpg,img_19.jpg,style_1.png,7.206800,0.00079,31.0,18781108865.959724,0.00560,22.5
adain_alpha_0.8,temp.jpg,img_19.jpg,style_2.png,6.183144,0.00101,29.9,11350672500.660021,0.00884,20.5
adain_alpha_0.8,temp.jpg,img_19.jpg,style_3.png,9.820535,0.00275,25.6,21812849438.485081,0.00604,22.2
adain_alpha_0.8,temp.jpg,img_19.jpg,style_4.png,8.664632,0.00057,32.4,26817034399.425270,0.00640,21.9
adain_alpha_0.8,temp.jpg,img_19.jpg,style_5.png,5.129212,0.00048,33.2,0.000000,0.00000,100.0
adain_alpha_0.8,temp.jpg,img_19.jpg,style_6.png,10.897728,0.00130,28.9,26887913657.328884,0.02083,16.8
adain_alpha_0.8,temp.jpg,img_19.jpg,style_7.png,7.037566,0.00087,30.6,11460172081.955311,0.00482,23.2
adain_alpha_0.8,temp.jpg,img_19.jpg,style_8.png,8.520392,0.00131,28.8,10565683066.760122,0.00196,27.1
adain_alpha_0.8,temp.jpg,img_19.jpg,style_9.png,6.444330,0.00063,32.0,15410458006.783115,0.01084,19.6
adain_alpha_0.8,temp.jpg,img_20.jpg,style_0.png,7.158509,0.00145,28.4,32802027276.244713,0.05660,12.5
adain_alpha_0.8,temp.jpg,img_20.jpg,style_1.png,3.102515,0.00034,34.7,16265838766.794184,0.00448,23.5
adain_alpha_0.8,temp.jpg,img_20.jpg,style_2.png,11.214917,0.00102,29.9,0.000000,0.00000,100.0
adain_alpha_0.8,temp.jpg,img_20.jpg,style_3.png,6.229562,0.00102,29.9,12984209864.081329,0.00730,21.4
adain_alpha_0.8,temp.jpg,img_20.jpg,style_4.png,5.768277,0.00025,36.0,31033569224.326561,0.01045,19.8
adain_alpha_0.8,temp.jpg,img_20.jpg,style_5.png,11.154556,0.00051,33.0,9779356903.509813,0.00263,25.8
adain_alpha_0.8,temp.jpg,img_20.jpg,style_6.png,8.364391,0.00018,37.4,18477948770.496731,0.00209,26.8
adain_alpha_0.8,temp.jpg,img_20.jpg,style_7.png,6.187131,0.00083,30.8,20067778312.258484,0.00778,21.1
adain_alpha_0.8,temp.jpg,img_20.jpg,style_8.png,9.957034,0.00096,30.2,16691842211.678844,0.00408,23.9
adain_alpha_0.8,temp.jpg,img_20.jpg,style_9.png,8.062513,0.00244,26.1,17481292878.599876,0.00234,26.3
adain_alpha_0.8,temp.jpg,img_21.jpg,style_0.png,6.061329,0.00070,31.6,0.000000,0.00000,100.0
adain_alpha_0.8,temp.jpg,img_21.jpg,style_1.png,5.662287,0.00126,29.0,25447714292.007530,0.00914,20.4
adain_alpha_0.8,temp.jpg,img_21.jpg,style_2.png,7.273258,0.00070,31.5,12546775272.582033,0.00783,21.1
adain_alpha_0.8,temp.jpg,img_21.jpg,style_3.png,10.287340,0.00304,25.2,18054299560.508419,0.02695,15.7
adain_alpha_0.8,temp.jpg,img_21.jpg,style_4.png,6.456110,0.00076,31.2,12159054902.449896,0.00309,25.1
adain_alpha_0.8,temp.jpg,img_21.jpg,style_5.png,7.474854,0.00148,28.3,20222446012.334682,0.01466,18.3
adain_alpha_0.8,temp.jpg,img_21.jpg,style_6.png,5.681832,0.00033,34.8,17601374342.706966,0.00647,21.9
adain_alpha_0.8,temp.jpg,img_21.jpg,style_7.png,2.255614,0.00039,34.1,0.000000,0.00000,100.0
adain_alpha_0.8,temp.jpg,img_21.jpg,style_8.png,7.071575,0.00093,30.3,16777664871.390501,0.00158,28.0
adain_alpha_0.8,temp.jpg,img_21.jpg,style_9.png,5.843956,0.00051,32.9,2742101971.975627,0.00278,25.6
adain_alpha_0.8,temp.jpg,img_22.jpg,style_0.png,9.066680,0.00109,29.6,17513932315.773800,0.00101,30.0
adain_alpha_0.8,temp.jpg,img_22.jpg,style_1.png,5.818499,0.00073,31.4,39522613750.263634,0.03156,15.0
adain_alpha_0.8,temp.jpg,img_22.jpg,style_2.png,8.707878,0.00143,28.4,757359350.832120,0.00013,38.9
adain_alpha_0.8,temp.jpg,img_22.jpg,style_3.png,9.917726,0.00067,31.8,10209213653.297930,0.00087,30.6
adain_alpha_0.8,temp.jpg,img_22.jpg,style_4.png,9.629966,0.00053,32.7,20750792224.212101,0.02884,15.4
adain_alpha_0.8,temp.jpg,img_22.jpg,style_5.png,6.284147,0.00066,31.8,0.000000,0.00000,100.0
adain_alpha_0.8,temp.jpg,img_22.jpg,style_6.png,7.713206,0.00094,30.3,35843921889.145966,0.00606,22.2
adain_alpha_0.8,temp.jpg,img_22.jpg,style_7.png,7.227822,0.00080,30.9,9839815052.988459,0.00161,27.9
adain_alpha_0.8,temp.jpg,img_22.jpg,style_8.png,10.519464,0.00100,30.0,35198310764.506332,0.00507,23.0
adain_alpha_0.8,temp.jpg,img_22.jpg,style_9.png,4.803589,0.00033,34.8,11609328017.666395,0.00130,28.9
adain_alpha_0.8,temp.jpg,img_23.jpg,style_0.png,8.676511,0.00075,31.2,26488781781.566189,0.00218,26.6
adain_alpha_0.8,temp.jpg,img_23.jpg,style_1.png,7.815696,0.00073,31.3,11859846717.885580,0.04319,13.6
adain_alpha_0.8,temp.jpg,img_23.jpg,style_2.png,9.393571,0.00254,25.9,0.000000,0.00000,100.0
adain_alpha_0.8,temp.jpg,img_23.jpg,style_3.png,9.746716,0.00157,28.0,4023312110.993294,0.00028,35.5
adain_alpha_0.8,temp.jpg,img_23.jpg,style_4.png,5.422615,0.00061,32.2,40370167749.740059,0.00687,21.6
adain_alpha_0.8,temp.jpg,img_23.jpg,style_5.png,10.523155,0.00197,27.1,10872251206.428312,0.00297,25.3
adain_alpha_0.8,temp.jpg,img_23.jpg,style_6.png,7.999228,0.00102,29.9,0.000000,0.00000,100.0
adain_alpha_0.8,temp.jpg,img_23.jpg,style_7.png,9.761934,0.00126,29.0,9369210546.562956,0.00255,25.9
adain_alpha_0.8,temp.jpg,img_23.jpg,style_8.png,8.455183,0.00158,28.0,23398339604.765400,0.01505,18.2
adain_alpha_0.8,temp.jpg,img_23.jpg,style_9.png,9.745373,0.00225,26.5,7894312274.345504,0.00130,28.9
adain_alpha_0.8,temp.jpg,img_24.jpg,style_0.png,9.228105,0.00092,30.4,0.000000,0.00000,100.0
adain_alpha_0.8,temp.jpg,img_24.jpg,style_1.png,8.001986,0.00184,27.4,23168619867.501537,0.00423,23.7
adain_alpha_0.8,temp.jpg,img_24.jpg,style_2.png,7.891663,0.00056,32.5,7552323107.729807,0.00048,33.2
adain_alpha_0.8,temp.jpg,img_24.jpg,style_3.png,12.631848,0.00149,28.3,32387269084.004070,0.00579,22.4
adain_alpha_0.8,temp.jpg,img_24.jpg,style_4.png,8.163171,0.00085,30.7,16076562593.002508,0.00187,27.3
adain_alpha_0.8,temp.jpg,img_24.jpg,style_5.png,6.850779,0.00095,30.2,1021795153.278530,0.00014,38.5
adain_alpha_0.8,temp.jpg,img_24.jpg,style_6.png,8.083808,0.00064,31.9,18188674400.760384,0.00635,22.0
adain_alpha_0.8,temp.jpg,img_24.jpg,style_7.png,9.393614,0.00198,27.0,13310596440.157158,0.00088,30.6
adain_alpha_0.8,temp.jpg,img_24.jpg,style_8.png,6.869227,0.00131,28.8,0.000000,0.00000,100.0
adain_alpha_0.8,temp.jpg,img_24.jpg,style_9.png,7.439385,0.00099,30.1,9479958660.870743,0.00133,28.8
adain_alpha_0.8,temp.jpg,img_25.jpg,style_0.png,8.957534,0.00081,30.9,19958411776.258892,0.00280,25.5
adain_alpha_0.8,temp.jpg,img_25.jpg,style_1.png,2.563304,0.00088,30.6,11759775863.470243,0.00281,25.5
adain_alpha_0.8,temp.jpg,img_25.jpg,style_2.png,8.544537,0.00052,32.9,25051366534.318417,0.00514,22.9
adain_alpha_0.8,temp.jpg,img_25.jpg,style_3.png,7.604207,0.00111,29.5,22887948557.517548,0.00567,22.5
adain_alpha_0.8,temp.jpg,img_25.jpg,style_4.png,8.643676,0.00064,32.0,8302703528.857206,0.00110,29.6
adain_alpha_0.8,temp.jpg,img_25.jpg,style_5.png,4.888763,0.00038,34.2,20522941481.471237,0.00462,23.4
adain_alpha_0.8,temp.jpg,img_25.jpg,style_6.png,6.407037,0.00094,30.3,4455556224.541959,0.00067,31.7
adain_alpha_0.8,temp.jpg,img_25.jpg,style_7.png,5.642986,0.00119,29.2,13982354340.185118,0.00417,23.8
adain_alpha_0.8,temp.jpg,img_25.jpg,style_8.png,8.206567,0.00186,27.3,44332259976.509430,0.00284,25.5
adain_alpha_0.8,temp.jpg,img_25.jpg,style_9.png,7.653373,0.00080,30.9,17323354056.525360,0.00285,25.5
adain_alpha_0.8,temp.jpg,img_26.jpg,style_0.png,7.876168,0.00111,29.5,32988353246.584911,0.00289,25.4
adain_alpha_0.8,temp.jpg,img_26.jpg,style_1.png,5.769948,0.00112,29.5,15242660763.443611,0.00248,26.1
adain_alpha_0.8,temp.jpg,img_26.jpg,style_2.png,11.720886,0.00145,28.4,12194476260.672808,0.00839,20.8
adain_alpha_0.8,temp.jpg,img_26.jpg,style_3.png,8.198105,0.00146,28.3,0.000000,0.00000,100.0
adain_alpha_0.8,temp.jpg,img_26.jpg,style_4.png,9.372992,0.00142,28.5,46854102480.185181,0.00310,25.1
adain_alpha_0.8,temp.jpg,img_26.jpg,style_5.png,7.514714,0.00067,31.7,7640251056.070519,0.00179,27.5
adain_alpha_0.8,temp.jpg,img_26.jpg,style_6.png,8.319121,0.00191,27.2,9617977131.024115,0.00981,20.1
adain_alpha_0.8,temp.jpg,img_26.jpg,style_7.png,9.167939,0.00139,28.6,5804739161.118736,0.00142,28.5
adain_alpha_0.8,temp.jpg,img_26.jpg,style_8.png,9.707991,0.00152,28.2,18401055113.340263,0.00148,28.3
adain_alpha_0.8,temp.jpg,img_26.jpg,style_9.png,10.784992,0.00073,31.4,18278095744.045242,0.00145,28.4
adain_alpha_0.8,temp.jpg,img_27.jpg,style_0.png,10.688876,0.00088,30.6,23371050785.455257,0.00359,24.5
adain_alpha_0.8,temp.jpg,img_27.jpg,style_1.png,4.777512,0.00107,29.7,23955700850.141785,0.01228,19.1
adain_alpha_0.8,temp.jpg,img_27.jpg,style_2.png,11.410734,0.00059,32.3,22700576225.429188,0.00720,21.4
adain_alpha_0.8,temp.jpg,img_27.jpg,style_3.png,6.175954,0.00065,31.8,14579965862.377668,0.00335,24.7
adain_alpha_0.8,temp.jpg,img_27.jpg,style_4.png,8.966938,0.00084,30.8,10552607131.849798,0.00647,21.9
adain_alpha_0.8,temp.jpg,img_27.jpg,style_5.png,7.967287,0.00131,28.8,9407604419.500053,0.00289,25.4
adain_alpha_0.8,temp.jpg,img_27.jpg,style_6.png,7.673730,0.00034,34.6,11200093152.886454,0.00303,25.2
adain_alpha_0.8,temp.jpg,img_27.jpg,style_7.png,7.202348,0.00127,28.9,0.000000,0.00000,100.0
adain_alpha_0.8,temp.jpg,img_27.jpg,style_8.png,6.463665,0.00079,31.0,32156244624.898636,0.00244,26.1
adain_alpha_0.8,temp.jpg,img_27.jpg,style_9.png,7.460268,0.00087,30.6,13041755108.920416,0.00321,24.9
adain_alpha_0.8,temp.jpg,img_28.jpg,style_0.png,11.978678,0.00374,24.3,0.000000,0.00000,100.0
adain_alpha_0.8,temp.jpg,img_28.jpg,style_1.png,7.213554,0.00063,32.0,23834118093.780312,0.00839,20.8
adain_alpha_0.8,temp.jpg,img_28.jpg,style_2.png,10.787362,0.00110,29.6,24875761847.167515,0.00254,25.9
adain_alpha_0.8,temp.jpg,img_28.jpg,style_3.png,9.297825,0.00073,31.4,10904043299.920387,0.00244,26.1
adain_alpha_0.8,temp.jpg,img_28.jpg,style_4.png,6.486036,0.00255,25.9,31554173736.591225,0.02867,15.4
adain_alpha_0.8,temp.jpg,img_28.jpg,style_5.png,4.379852,0.00056,32.5,5212736660.523769,0.00514,22.9
adain_alpha_0.8,temp.jpg,img_28.jpg,style_6.png,5.918818,0.00019,37.3,4436828184.022805,0.00021,36.8
adain_alpha_0.8,temp.jpg,img_28.jpg,style_7.png,6.834590,0.00138,28.6,4809940641.925555,0.00685,21.6
adain_alpha_0.8,temp.jpg,img_28.jpg,style_8.png,7.710255,0.00090,30.5,4910674282.971316,0.00527,22.8
adain_alpha_0.8,temp.jpg,img_28.jpg,style_9.png,5.655628,0.00052,32.8,14317258514.553429,0.00241,26.2
adain_alpha_0.8,temp.jpg,img_29.jpg,style_0.png,5.319759,0.00090,30.5,26125727708.911015,0.00361,24.4
adain_alpha_0.8,temp.jpg,img_29.jpg,style_1.png,7.158415,0.00094,30.3,173121485.327295,0.00003,45.1
adain_alpha_0.8,temp.jpg,img_29.jpg,style_2.png,9.897664,0.00050,33.0,11465903437.565882,0.00112,29.5
adain_alpha_0.8,temp.jpg,img_29.jpg,style_3.png,8.138157,0.00034,34.7,25921705497.029465,0.00106,29.7
adain_alpha_0.8,temp.jpg,img_29.jpg,style_4.png,3.792614,0.00020,37.0,4080441261.923700,0.00267,25.7
adain_alpha_0.8,temp.jpg,img_29.jpg,style_5.png,4.083043,0.00037,34.3,3805168262.190940,0.00103,29.9
adain_alpha_0.8,temp.jpg,img_29.jpg,style_6.png,6.651898,0.00107,29.7,6573702378.774578,0.00364,24.4
adain_alpha_0.8,temp.jpg,img_29.jpg,style_7.png,12.735656,0.00090,30.5,12379363616.517479,0.00480,23.2
adain_alpha_0.8,temp.jpg,img_29.jpg,style_8.png,7.558912,0.00330,24.8,8165840190.233453,0.00715,21.5
adain_alpha_0.8,temp.jpg,img_29.jpg,style_9.png,3.358101,0.00069,31.6,0.000000,0.00000,100.0
